timestamp,instalacion,fecha_anomalia,rank_gravedad,error_reconstruccion,ocupacion_pct,energia_real_kwh,kpi_eficiencia_real,kpi_eficiencia_esperada,ineficiencia_detectada
2025-06-13 12:00:00,energia_laboratorios_kwh,2025-06-13 12:00:00,48,0.1814634561321411,51.3,0.1381722222222222,0.0002693415637860082,0.00028097339,-1.163182130213753e-05
2025-06-13 13:00:00,energia_laboratorios_kwh,2025-06-13 12:00:00,48,0.1814634561321411,47.400000000000006,0.11522222222222221,0.0002430848570089076,0.00032594462,-8.285976690098305e-05
2025-06-13 14:00:00,energia_laboratorios_kwh,2025-06-13 12:00:00,48,0.1814634561321411,48.65,0.11892777777777774,0.00024445586388032424,0.00027657853,-3.2122668185871964e-05
2025-06-13 15:00:00,energia_laboratorios_kwh,2025-06-13 12:00:00,48,0.1814634561321411,49.9,0.12263333333333332,0.0002457581830327321,0.0002853582,-3.96000142558556e-05
2025-06-13 16:00:00,energia_laboratorios_kwh,2025-06-13 12:00:00,48,0.1814634561321411,58.4,0.1263388888888889,0.00021633371385083714,0.0002790556,-6.272187432936212e-05
2025-06-13 17:00:00,energia_laboratorios_kwh,2025-06-13 12:00:00,48,0.1814634561321411,45.5,0.13004444444444446,0.00028581196581196585,0.00036123945,-7.542748447324536e-05
2025-06-13 18:00:00,energia_laboratorios_kwh,2025-06-13 12:00:00,48,0.1814634561321411,32.6,0.13375,0.00041027607361963193,0.00043794155,-2.766547409640451e-05
2025-06-13 19:00:00,energia_laboratorios_kwh,2025-06-13 12:00:00,48,0.1814634561321411,31.2,0.1244,0.0003987179487179487,0.00043712615,-3.8408196980181436e-05
2025-06-13 20:00:00,energia_laboratorios_kwh,2025-06-13 12:00:00,48,0.1814634561321411,25.9,0.14242777777777776,0.0005499141999141999,0.0004754485,7.446570187748746e-05
2025-06-13 21:00:00,energia_laboratorios_kwh,2025-06-13 12:00:00,48,0.1814634561321411,20.6,0.09318333333333334,0.00045234627831715205,0.0005035606,-5.1214308049650405e-05
2025-06-13 22:00:00,energia_laboratorios_kwh,2025-06-13 12:00:00,48,0.1814634561321411,15.4,0.08845555555555557,0.0005743867243867244,0.0005215615,5.2825244259449415e-05
2025-06-13 23:00:00,energia_laboratorios_kwh,2025-06-13 12:00:00,48,0.1814634561321411,19.3,0.09775,0.0005064766839378239,0.0005295653,-2.3088640603357463e-05
2025-06-14 00:00:00,energia_laboratorios_kwh,2025-06-13 12:00:00,48,0.1814634561321411,20.3,0.08596666666666666,0.00042348111658456483,0.00048431157,-6.083045825262806e-05
2025-06-14 01:00:00,energia_laboratorios_kwh,2025-06-13 12:00:00,48,0.1814634561321411,16.7,0.09272222222222222,0.000555222887558217,0.00052061124,3.4611647495354355e-05
2025-06-14 02:00:00,energia_laboratorios_kwh,2025-06-13 12:00:00,48,0.1814634561321411,17.3,0.08266666666666667,0.00047784200385356446,0.0004799148,-2.072797108868755e-06
2025-06-14 03:00:00,energia_laboratorios_kwh,2025-06-13 12:00:00,48,0.1814634561321411,17.0,0.09718333333333334,0.0005716666666666667,0.0005104561,6.121056795741126e-05
2025-06-14 04:00:00,energia_laboratorios_kwh,2025-06-13 12:00:00,48,0.1814634561321411,17.2,0.08664444444444445,0.0005037467700258399,0.00047142958,3.231719083306736e-05
2025-06-14 05:00:00,energia_laboratorios_kwh,2025-06-13 12:00:00,48,0.1814634561321411,17.400000000000002,0.09624444444444444,0.0005531289910600254,0.00048630653,6.682246506034529e-05
2025-06-14 06:00:00,energia_laboratorios_kwh,2025-06-13 12:00:00,48,0.1814634561321411,17.6,0.09050555555555556,0.000514236111111111,0.00045097244,6.326367255403756e-05
2025-06-14 07:00:00,energia_laboratorios_kwh,2025-06-13 12:00:00,48,0.1814634561321411,44.2,0.12499722222222222,0.0002827991452991453,0.0003416399,-5.884076692243544e-05
2025-06-14 08:00:00,energia_laboratorios_kwh,2025-06-13 12:00:00,48,0.1814634561321411,37.6,0.1594888888888889,0.00042417257683215133,0.0003197712,0.00010440137012725166
2025-06-14 09:00:00,energia_laboratorios_kwh,2025-06-13 12:00:00,48,0.1814634561321411,39.2,0.163,0.0004158163265306123,0.0003513861,6.443023998100239e-05
2025-06-14 10:00:00,energia_laboratorios_kwh,2025-06-13 12:00:00,48,0.1814634561321411,41.8,0.1665111111111111,0.0003983519404572036,0.00034179943,5.6552510140889516e-05
2025-06-14 11:00:00,energia_laboratorios_kwh,2025-06-13 12:00:00,48,0.1814634561321411,51.6,0.14225000000000002,0.00027567829457364343,0.00027607073,-3.924338587436827e-07
2025-06-14 12:00:00,energia_laboratorios_kwh,2025-06-13 12:00:00,48,0.1814634561321411,56.1,0.11798888888888887,0.00021031887502475732,0.00025223053,-4.191165441580957e-05
2025-06-14 13:00:00,energia_laboratorios_kwh,2025-06-13 12:00:00,48,0.1814634561321411,28.3,0.09372777777777777,0.0003311935610522182,0.00034527958,-1.4086017998620728e-05
2025-06-14 14:00:00,energia_laboratorios_kwh,2025-06-13 12:00:00,48,0.1814634561321411,17.5,0.09127222222222223,0.0005215555555555556,0.00039804835,0.00012350721032317318
2025-06-14 15:00:00,energia_laboratorios_kwh,2025-06-13 12:00:00,48,0.1814634561321411,17.9,0.09631111111111111,0.0005380509000620733,0.00045508664,8.296425672014453e-05
2025-06-14 16:00:00,energia_laboratorios_kwh,2025-06-13 12:00:00,48,0.1814634561321411,15.5,0.09101666666666666,0.0005872043010752688,0.00051458454,7.261976580806475e-05
2025-06-14 17:00:00,energia_laboratorios_kwh,2025-06-13 12:00:00,48,0.1814634561321411,19.4,0.0974,0.0005020618556701032,0.00045178464,5.0277216516473634e-05
2025-06-14 18:00:00,energia_laboratorios_kwh,2025-06-13 12:00:00,48,0.1814634561321411,14.999999999999998,0.08575555555555556,0.0005717037037037037,0.00047037806,0.000101325645905333
2025-06-14 19:00:00,energia_laboratorios_kwh,2025-06-13 12:00:00,48,0.1814634561321411,18.0,0.08807222222222222,0.0004892901234567901,0.000667846,-0.00017855588148750457
2025-06-14 20:00:00,energia_laboratorios_kwh,2025-06-13 12:00:00,48,0.1814634561321411,20.2,0.09119444444444444,0.0004514576457645765,0.0007876861,-0.00033622844515181867
2025-06-14 21:00:00,energia_laboratorios_kwh,2025-06-13 12:00:00,48,0.1814634561321411,18.5,0.09722222222222222,0.0005255255255255255,0.00093117123,-0.00040564570917157796
2025-06-14 22:00:00,energia_laboratorios_kwh,2025-06-13 12:00:00,48,0.1814634561321411,20.0,0.09294444444444444,0.0004647222222222222,0.0010319105,-0.0005671883127258883
2025-06-14 23:00:00,energia_laboratorios_kwh,2025-06-13 12:00:00,48,0.1814634561321411,21.4,0.09832777777777778,0.00045947559709241955,0.0010979534,-0.0006384778155893985
2025-06-15 00:00:00,energia_laboratorios_kwh,2025-06-13 12:00:00,48,0.1814634561321411,3.9999999999999964,0.08465990789473674,0.00211649769736842,0.0018615626,0.00025493509421513176
2025-06-15 01:00:00,energia_laboratorios_kwh,2025-06-13 12:00:00,48,0.1814634561321411,4.399999999999999,0.09312589868421045,0.00211649769736842,0.001972919,0.0001435786001981864
2025-06-15 02:00:00,energia_laboratorios_kwh,2025-06-13 12:00:00,48,0.1814634561321411,5.600000000000001,0.08293333333333336,0.001480952380952381,0.0015040969,-2.314452009186856e-05
2025-06-15 03:00:00,energia_laboratorios_kwh,2025-06-13 12:00:00,48,0.1814634561321411,5.399999999999999,0.08785555555555552,0.0016269547325102878,0.0016097344,1.722035654916289e-05
2025-06-15 04:00:00,energia_laboratorios_kwh,2025-06-13 12:00:00,48,0.1814634561321411,5.199999999999999,0.08862777777777775,0.0017043803418803417,0.0014501938,0.0002541865288096868
2025-06-15 05:00:00,energia_laboratorios_kwh,2025-06-13 12:00:00,48,0.1814634561321411,3.8000000000000007,0.08042691249999998,0.00211649769736842,0.001811572,0.0003049256960527668
2025-06-15 06:00:00,energia_laboratorios_kwh,2025-06-13 12:00:00,48,0.1814634561321411,4.699999999999999,0.08800555555555555,0.0018724586288416077,0.0016898594,0.00018259919574198022
2025-06-15 07:00:00,energia_laboratorios_kwh,2025-06-13 12:00:00,48,0.1814634561321411,3.9999999999999964,0.08465990789473674,0.00211649769736842,0.0018297485,0.00028674918977931833
2025-06-15 08:00:00,energia_laboratorios_kwh,2025-06-13 12:00:00,48,0.1814634561321411,5.5,0.08864444444444444,0.0016117171717171717,0.0014972381,0.00011447911218899964
2025-06-15 09:00:00,energia_laboratorios_kwh,2025-06-13 12:00:00,48,0.1814634561321411,5.0,0.08807222222222222,0.0017614444444444444,0.001590507,0.0001709374558668997
2025-06-15 10:00:00,energia_laboratorios_kwh,2025-06-13 12:00:00,48,0.1814634561321411,5.100000000000001,0.08731111111111116,0.0017119825708061007,0.0015520563,0.00015992628245945243
2025-06-15 11:00:00,energia_laboratorios_kwh,2025-06-13 12:00:00,48,0.1814634561321411,5.399999999999999,0.0880333333333333,0.0016302469135802467,0.00148345,0.00014679696835393505
2025-06-15 12:00:00,energia_laboratorios_kwh,2025-06-13 12:00:00,48,0.1814634561321411,5.199999999999999,0.0831111111111111,0.001598290598290598,0.0015100066,8.828398984912604e-05
2025-06-15 13:00:00,energia_laboratorios_kwh,2025-06-13 12:00:00,48,0.1814634561321411,4.5,0.08261111111111112,0.0018358024691358026,0.0016745746,0.0001612279021307643
2025-06-15 14:00:00,energia_laboratorios_kwh,2025-06-13 12:00:00,48,0.1814634561321411,5.399999999999999,0.09956666666666661,0.0018438271604938267,0.001690931,0.00015289612435678227
2025-06-15 15:00:00,energia_laboratorios_kwh,2025-06-13 12:00:00,48,0.1814634561321411,4.899999999999999,0.08739999999999996,0.001783673469387755,0.0015980665,0.00018560693547205642
2025-06-15 16:00:00,energia_laboratorios_kwh,2025-06-13 12:00:00,48,0.1814634561321411,4.399999999999999,0.08203888888888886,0.0018645202020202017,0.0016598295,0.0002046906832624412
2025-06-15 17:00:00,energia_laboratorios_kwh,2025-06-13 12:00:00,48,0.1814634561321411,5.5,0.08497777777777779,0.0015450505050505052,0.0013844436,0.00016060690159448482
2025-06-15 18:00:00,energia_laboratorios_kwh,2025-06-13 12:00:00,48,0.1814634561321411,4.699999999999999,0.08645,0.0018393617021276597,0.0015943727,0.0002449890263735298
2025-06-15 19:00:00,energia_laboratorios_kwh,2025-06-13 12:00:00,48,0.1814634561321411,3.8999999999999986,0.08254341019736836,0.00211649769736842,0.0018763713,0.0002401263667868147
2025-06-15 20:00:00,energia_laboratorios_kwh,2025-06-13 12:00:00,48,0.1814634561321411,4.5,0.0952423963815789,0.00211649769736842,0.0018633726,0.0002531250687913666
2025-06-15 21:00:00,energia_laboratorios_kwh,2025-06-13 12:00:00,48,0.1814634561321411,5.100000000000001,0.09773888888888893,0.0019164488017429197,0.0017084213,0.00020802752765459662
2025-06-15 22:00:00,energia_laboratorios_kwh,2025-06-13 12:00:00,48,0.1814634561321411,4.600000000000005,0.08758888888888898,0.0019041062801932367,0.0017228525,0.00018125381356528126
2025-06-15 23:00:00,energia_laboratorios_kwh,2025-06-13 12:00:00,48,0.1814634561321411,5.199999999999999,0.09329444444444442,0.0017941239316239313,0.0015955365,0.00019858745189749757
2025-06-16 00:00:00,energia_laboratorios_kwh,2025-06-13 12:00:00,48,0.1814634561321411,5.100000000000001,0.09060000000000003,0.0017764705882352943,0.0016144047,0.00016206586239311642
2025-06-16 01:00:00,energia_laboratorios_kwh,2025-06-13 12:00:00,48,0.1814634561321411,5.0,0.08197222222222221,0.0016394444444444442,0.0014537198,0.00018572464410629517
2025-06-16 02:00:00,energia_laboratorios_kwh,2025-06-13 12:00:00,48,0.1814634561321411,5.5,0.09525,0.0017318181818181818,0.001555466,0.0001763522051105445
2025-06-16 03:00:00,energia_laboratorios_kwh,2025-06-13 12:00:00,48,0.1814634561321411,5.433333333333334,0.09818888888888887,0.0018071574642126785,0.0016111014,0.0001960560231273399
2025-06-16 04:00:00,energia_laboratorios_kwh,2025-06-13 12:00:00,48,0.1814634561321411,5.366666666666667,0.09256666666666667,0.0017248447204968945,0.0015155178,0.0002093268943048135
2025-06-16 05:00:00,energia_laboratorios_kwh,2025-06-13 12:00:00,48,0.1814634561321411,5.300000000000001,0.08796111111111113,0.001659643605870021,0.0014632354,0.0001964082499563819
2025-06-16 06:00:00,energia_laboratorios_kwh,2025-06-13 12:00:00,48,0.1814634561321411,5.300000000000001,0.08383888888888891,0.0015818658280922432,0.0013986783,0.0001831875411598344
2025-06-16 07:00:00,energia_laboratorios_kwh,2025-06-13 12:00:00,48,0.1814634561321411,6.350000000000001,0.0975777777777778,0.00153665791776028,0.0014837193,5.2938587479260755e-05
2025-06-16 08:00:00,energia_laboratorios_kwh,2025-06-13 12:00:00,48,0.1814634561321411,7.399999999999999,0.13718888888888883,0.0018539039039039034,0.0017229597,0.00013094421876454535
2025-06-16 09:00:00,energia_laboratorios_kwh,2025-06-13 12:00:00,48,0.1814634561321411,6.699999999999999,0.11883333333333329,0.0017736318407960197,0.0015124996,0.0002611321982376239
2025-06-16 10:00:00,energia_laboratorios_kwh,2025-06-13 12:00:00,48,0.1814634561321411,5.899999999999999,0.12327777777777774,0.002089453860640301,0.0018475797,0.00024187413462228944
2025-06-16 11:00:00,energia_laboratorios_kwh,2025-06-13 12:00:00,48,0.1814634561321411,7.199999999999999,0.14181111111111108,0.0019695987654320983,0.0016492608,0.000320338011666396
2025-06-16 12:00:00,energia_laboratorios_kwh,2025-06-13 12:00:00,48,0.1814634561321411,10.1,0.12047777777777778,0.001192849284928493,0.0011642018,2.86475214699431e-05
2025-06-16 13:00:00,energia_laboratorios_kwh,2025-06-13 12:00:00,48,0.1814634561321411,9.4,0.11205,0.0011920212765957447,0.0012431125,-5.1091215779331105e-05
2025-06-16 14:00:00,energia_laboratorios_kwh,2025-06-13 12:00:00,48,0.1814634561321411,6.0,0.1269898618421052,0.00211649769736842,0.0018264478,0.0002900499133990774
2025-06-16 15:00:00,energia_laboratorios_kwh,2025-06-13 12:00:00,48,0.1814634561321411,7.5,0.11837777777777776,0.0015783703703703702,0.0015490707,2.9299669367295524e-05
2025-06-16 16:00:00,energia_laboratorios_kwh,2025-06-13 12:00:00,48,0.1814634561321411,7.100000000000001,0.1418333333333334,0.0019976525821596247,0.001746237,0.0002514155370056492
2025-06-16 17:00:00,energia_laboratorios_kwh,2025-06-13 12:00:00,48,0.1814634561321411,6.5,0.08188888888888889,0.0012598290598290597,0.0012963208,-3.649175387894759e-05
2025-06-16 18:00:00,energia_laboratorios_kwh,2025-06-13 12:00:00,48,0.1814634561321411,4.5,0.08523333333333333,0.001894074074074074,0.001673432,0.00022064212345276717
2025-06-16 19:00:00,energia_laboratorios_kwh,2025-06-13 12:00:00,48,0.1814634561321411,5.0,0.08501666666666667,0.0017003333333333334,0.0015018706,0.0001984627589037022
2025-06-16 20:00:00,energia_laboratorios_kwh,2025-06-13 12:00:00,48,0.1814634561321411,4.699999999999999,0.0841722222222222,0.001790898345153664,0.0016158158,0.00017508254919562194
2025-06-16 21:00:00,energia_laboratorios_kwh,2025-06-13 12:00:00,48,0.1814634561321411,4.5,0.09109444444444444,0.0020243209876543208,0.001780942,0.00024337902166455226
2025-06-16 22:00:00,energia_laboratorios_kwh,2025-06-13 12:00:00,48,0.1814634561321411,6.5,0.08432222222222222,0.0012972649572649572,0.0011912568,0.00010600815659850575
2025-06-16 23:00:00,energia_laboratorios_kwh,2025-06-13 12:00:00,48,0.1814634561321411,6.300000000000001,0.0993,0.0015761904761904763,0.0014359368,0.0001402536983380006
2025-06-17 00:00:00,energia_laboratorios_kwh,2025-06-13 12:00:00,48,0.1814634561321411,4.899999999999999,0.09106666666666663,0.001858503401360544,0.0016714856,0.00018701779850486167
2025-06-17 01:00:00,energia_laboratorios_kwh,2025-06-13 12:00:00,48,0.1814634561321411,5.600000000000001,0.09639444444444449,0.0017213293650793654,0.0014841255,0.00023720386174049196
2025-06-17 02:00:00,energia_laboratorios_kwh,2025-06-13 12:00:00,48,0.1814634561321411,4.899999999999999,0.08340555555555554,0.001702154195011338,0.0015885569,0.00011359727948971631
2025-06-17 03:00:00,energia_laboratorios_kwh,2025-06-13 12:00:00,48,0.1814634561321411,5.199999999999999,0.09912777777777776,0.0019063034188034186,0.0017007187,0.00020558476448377465
2025-06-17 04:00:00,energia_laboratorios_kwh,2025-06-13 12:00:00,48,0.1814634561321411,6.100000000000001,0.08745000000000003,0.0014336065573770493,0.0013467831,8.682342694736416e-05
2025-06-17 05:00:00,energia_laboratorios_kwh,2025-06-13 12:00:00,48,0.1814634561321411,5.899999999999999,0.09048888888888887,0.0015337099811676084,0.0013441797,0.000189530246579939
2025-06-17 06:00:00,energia_laboratorios_kwh,2025-06-13 12:00:00,48,0.1814634561321411,5.800000000000001,0.09748333333333332,0.0016807471264367812,0.0014949216,0.00018582549898232153
2025-06-17 07:00:00,energia_laboratorios_kwh,2025-06-13 12:00:00,48,0.1814634561321411,5.699999999999999,0.09030555555555554,0.001584307992202729,0.0015485365,3.5771521111518066e-05
2025-06-17 08:00:00,energia_laboratorios_kwh,2025-06-13 12:00:00,48,0.1814634561321411,5.899999999999999,0.12487336414473675,0.00211649769736842,0.0018549466,0.0002615510933698783
2025-06-17 09:00:00,energia_laboratorios_kwh,2025-06-13 12:00:00,48,0.1814634561321411,7.100000000000001,0.11807777777777782,0.0016630672926447577,0.0014538434,0.0002092238592348284
2025-06-17 10:00:00,energia_laboratorios_kwh,2025-06-13 12:00:00,48,0.1814634561321411,8.899999999999999,0.13628888888888885,0.0015313358302122345,0.001471686,5.9649886087178184e-05
2025-06-17 11:00:00,energia_laboratorios_kwh,2025-06-13 12:00:00,48,0.1814634561321411,7.0,0.12809444444444443,0.0018299206349206346,0.0015726149,0.00025730574998531516
2025-06-17 12:00:00,energia_laboratorios_kwh,2025-06-13 12:00:00,48,0.1814634561321411,8.899999999999999,0.10926111111111107,0.001227652933832709,0.0012706328,-4.297990779161061e-05
2025-06-17 13:00:00,energia_laboratorios_kwh,2025-06-13 12:00:00,48,0.1814634561321411,10.1,0.1235888888888889,0.001223652365236524,0.001181083,4.256933237517199e-05
2025-06-17 14:00:00,energia_laboratorios_kwh,2025-06-13 12:00:00,48,0.1814634561321411,8.100000000000001,0.13582222222222223,0.0016768175582990397,0.0015419108,0.00013490674883428707
2025-06-17 15:00:00,energia_laboratorios_kwh,2025-06-13 12:00:00,48,0.1814634561321411,7.100000000000001,0.11560000000000002,0.001628169014084507,0.0014561184,0.00017205059245543582
2025-06-17 16:00:00,energia_laboratorios_kwh,2025-06-13 12:00:00,48,0.1814634561321411,7.300000000000001,0.12875,0.0017636986301369862,0.0016575377,0.00010616097982003251
2025-06-17 17:00:00,energia_laboratorios_kwh,2025-06-13 12:00:00,48,0.1814634561321411,4.699999999999999,0.09364444444444443,0.001992434988179669,0.0016738386,0.00031859639883922075
2025-06-17 18:00:00,energia_laboratorios_kwh,2025-06-13 12:00:00,48,0.1814634561321411,6.5,0.09784444444444446,0.0015052991452991454,0.0014074127,9.788644960070534e-05
2025-06-17 19:00:00,energia_laboratorios_kwh,2025-06-13 12:00:00,48,0.1814634561321411,6.5,0.08597777777777778,0.0013227350427350427,0.0012267414,9.599368782252328e-05
2025-06-17 20:00:00,energia_laboratorios_kwh,2025-06-13 12:00:00,48,0.1814634561321411,6.399999999999999,0.0849611111111111,0.0013275173611111111,0.0012522544,7.526300634360977e-05
2025-06-17 21:00:00,energia_laboratorios_kwh,2025-06-13 12:00:00,48,0.1814634561321411,4.600000000000005,0.08482777777777786,0.0018440821256038647,0.0016212935,0.00022278863950789978
2025-06-17 22:00:00,energia_laboratorios_kwh,2025-06-13 12:00:00,48,0.1814634561321411,6.0,0.08419444444444443,0.0014032407407407405,0.0012866462,0.00011659450593783875
2025-06-17 23:00:00,energia_laboratorios_kwh,2025-06-13 12:00:00,48,0.1814634561321411,5.800000000000001,0.09352222222222223,0.0016124521072796935,0.0014986387,0.00011381345501462162
2025-06-18 00:00:00,energia_laboratorios_kwh,2025-06-13 12:00:00,48,0.1814634561321411,6.399999999999999,0.09595555555555553,0.0014993055555555556,0.0013823383,0.00011696720677945352
2025-06-18 01:00:00,energia_laboratorios_kwh,2025-06-13 12:00:00,48,0.1814634561321411,5.100000000000001,0.09811666666666671,0.001923856209150327,0.0016904725,0.00023338373296595896
2025-06-18 02:00:00,energia_laboratorios_kwh,2025-06-13 12:00:00,48,0.1814634561321411,4.5,0.0952423963815789,0.00211649769736842,0.0018714243,0.0002450734358878503
2025-06-18 03:00:00,energia_laboratorios_kwh,2025-06-13 12:00:00,48,0.1814634561321411,6.300000000000001,0.09761666666666667,0.0015494708994708995,0.0014236305,0.00012584038528874915
2025-06-18 04:00:00,energia_laboratorios_kwh,2025-06-13 12:00:00,48,0.1814634561321411,5.0,0.09530000000000001,0.0019060000000000001,0.0017115334,0.00019446659511327758
2025-06-18 05:00:00,energia_laboratorios_kwh,2025-06-13 12:00:00,48,0.1814634561321411,6.300000000000001,0.09549444444444445,0.0015157848324514993,0.0013823493,0.00013343554063514548
2025-06-18 06:00:00,energia_laboratorios_kwh,2025-06-13 12:00:00,48,0.1814634561321411,4.899999999999999,0.0974444444444444,0.001988662131519274,0.0016039015,0.00038476062884296603
2025-06-18 07:00:00,energia_laboratorios_kwh,2025-06-13 12:00:00,48,0.1814634561321411,6.100000000000001,0.09711666666666668,0.0015920765027322404,0.00155764,3.443646988948506e-05
2025-06-18 08:00:00,energia_laboratorios_kwh,2025-06-13 12:00:00,48,0.1814634561321411,5.5,0.1164073733552631,0.00211649769736842,0.0018386407,0.00027785703825221157
2025-06-18 09:00:00,energia_laboratorios_kwh,2025-06-13 12:00:00,48,0.1814634561321411,7.199999999999999,0.1348611111111111,0.0018730709876543209,0.0016728338,0.00020023717895656075
2025-06-18 10:00:00,energia_laboratorios_kwh,2025-06-13 12:00:00,48,0.1814634561321411,7.600000000000001,0.12000000000000004,0.0015789473684210528,0.0015107968,6.815053277501953e-05
2025-06-18 11:00:00,energia_laboratorios_kwh,2025-06-13 12:00:00,48,0.1814634561321411,7.600000000000001,0.1338055555555556,0.0017605994152046784,0.0015238824,0.00023671703172401036
2025-06-18 12:00:00,energia_laboratorios_kwh,2025-06-13 12:00:00,48,0.1814634561321411,9.200000000000001,0.13375555555555557,0.0014538647342995168,0.0013425322,0.00011133250934634224
2025-06-18 13:00:00,energia_laboratorios_kwh,2025-06-13 12:00:00,48,0.1814634561321411,7.5,0.13453333333333334,0.0017937777777777778,0.0014725184,0.00032125934768633714
2025-06-18 14:00:00,energia_laboratorios_kwh,2025-06-13 12:00:00,48,0.1814634561321411,8.0,0.12413333333333333,0.0015516666666666667,0.0014718721,7.979457444200915e-05
2025-06-18 15:00:00,energia_laboratorios_kwh,2025-06-13 12:00:00,48,0.1814634561321411,8.399999999999999,0.1420222222222222,0.0016907407407407407,0.0015390505,0.00015169025573327582
2025-06-18 16:00:00,energia_laboratorios_kwh,2025-06-13 12:00:00,48,0.1814634561321411,6.5,0.13647777777777778,0.0020996581196581197,0.0018186909,0.0002809672049974275
2025-06-18 17:00:00,energia_laboratorios_kwh,2025-06-13 12:00:00,48,0.1814634561321411,5.0,0.08351111111111112,0.0016702222222222222,0.001434494,0.0002357281794531478
2025-06-18 18:00:00,energia_laboratorios_kwh,2025-06-13 12:00:00,48,0.1814634561321411,6.199999999999999,0.09335555555555554,0.0015057347670250896,0.0014127253,9.300945811507736e-05
2025-06-18 19:00:00,energia_laboratorios_kwh,2025-06-13 12:00:00,48,0.1814634561321411,4.5,0.09383888888888889,0.0020853086419753085,0.0018198312,0.0002654774392373215
2025-06-18 20:00:00,energia_laboratorios_kwh,2025-06-13 12:00:00,48,0.1814634561321411,5.899999999999999,0.09619999999999998,0.0016305084745762712,0.0014257169,0.00020479156499633852
2025-06-18 21:00:00,energia_laboratorios_kwh,2025-06-13 12:00:00,48,0.1814634561321411,5.899999999999999,0.09008888888888887,0.0015269303201506591,0.0014262883,0.00010064204417119986
2025-06-18 22:00:00,energia_laboratorios_kwh,2025-06-13 12:00:00,48,0.1814634561321411,4.899999999999999,0.08389444444444442,0.0017121315192743765,0.0015954312,0.00011670027899887431
2025-06-18 23:00:00,energia_laboratorios_kwh,2025-06-13 12:00:00,48,0.1814634561321411,4.600000000000005,0.09029444444444454,0.0019629227053140096,0.0017746168,0.000188305933005064
2025-06-19 00:00:00,energia_laboratorios_kwh,2025-06-13 12:00:00,48,0.1814634561321411,5.199999999999999,0.0933833333333333,0.001795833333333333,0.0015752417,0.0002205916530763107
2025-06-19 01:00:00,energia_laboratorios_kwh,2025-06-13 12:00:00,48,0.1814634561321411,5.0,0.09581666666666666,0.0019163333333333333,0.0016975994,0.00021873391114672017
2025-06-19 02:00:00,energia_laboratorios_kwh,2025-06-13 12:00:00,48,0.1814634561321411,6.300000000000001,0.09283888888888889,0.0014736331569664904,0.0013196925,0.0001539406868331858
2025-06-19 03:00:00,energia_laboratorios_kwh,2025-06-13 12:00:00,48,0.1814634561321411,5.399999999999999,0.08966666666666664,0.0016604938271604938,0.0014980481,0.00016244574982305
2025-06-19 04:00:00,energia_laboratorios_kwh,2025-06-13 12:00:00,48,0.1814634561321411,5.100000000000001,0.09973888888888892,0.001955664488017429,0.0017530165,0.00020264799659686214
2025-06-19 05:00:00,energia_laboratorios_kwh,2025-06-13 12:00:00,48,0.1814634561321411,4.800000000000001,0.08894444444444446,0.0018530092592592593,0.0016003286,0.0002526806592251416
2025-06-19 06:00:00,energia_laboratorios_kwh,2025-06-13 12:00:00,48,0.1814634561321411,4.800000000000001,0.08870555555555557,0.0018480324074074074,0.0016869287,0.00016110373003477298
2025-06-19 07:00:00,energia_laboratorios_kwh,2025-06-13 12:00:00,48,0.1814634561321411,4.800000000000001,0.09241111111111112,0.0019252314814814815,0.0016447771,0.00028045434742062186
2025-06-19 08:00:00,energia_laboratorios_kwh,2025-06-13 12:00:00,48,0.1814634561321411,6.0,0.12369444444444445,0.002061574074074074,0.0018064618,0.000255112239725336
2025-06-19 09:00:00,energia_laboratorios_kwh,2025-06-13 12:00:00,48,0.1814634561321411,6.699999999999999,0.12446666666666664,0.0018577114427860697,0.0017182305,0.00013948089726528723
2025-06-19 10:00:00,energia_laboratorios_kwh,2025-06-13 12:00:00,48,0.1814634561321411,7.600000000000001,0.12881111111111113,0.0016948830409356725,0.0015599285,0.0001349545156964433
2025-06-19 11:00:00,energia_laboratorios_kwh,2025-06-13 12:00:00,48,0.1814634561321411,6.800000000000001,0.1199611111111111,0.0017641339869281045,0.0014945145,0.00026961946385407366
2025-06-19 12:00:00,energia_laboratorios_kwh,2025-06-13 12:00:00,48,0.1814634561321411,8.8,0.12300555555555556,0.0013977904040404039,0.0012749537,0.00012283669133115582
2025-06-19 13:00:00,energia_laboratorios_kwh,2025-06-13 12:00:00,48,0.1814634561321411,10.500000000000002,0.12470000000000003,0.0011876190476190476,0.0011925913,-4.972221881506013e-06
2025-06-19 14:00:00,energia_laboratorios_kwh,2025-06-13 12:00:00,48,0.1814634561321411,5.399999999999999,0.11429087565789466,0.00211649769736842,0.0018140895,0.00030240821471825934
2025-06-19 15:00:00,energia_laboratorios_kwh,2025-06-13 12:00:00,48,0.1814634561321411,6.850000000000001,0.1421444444444445,0.002075101378751014,0.0016692708,0.0004058305773930889
2025-06-19 16:00:00,energia_laboratorios_kwh,2025-06-13 12:00:00,48,0.1814634561321411,8.3,0.15059999999999998,0.0018144578313253011,0.0016598668,0.000154591059664556
2025-06-19 17:00:00,energia_laboratorios_kwh,2025-06-13 12:00:00,48,0.1814634561321411,6.0,0.08788888888888889,0.0014648148148148148,0.0013163012,0.00014851363942165068
2025-06-19 18:00:00,energia_laboratorios_kwh,2025-06-13 12:00:00,48,0.1814634561321411,5.5,0.0854388888888889,0.0015534343434343435,0.0014049289,0.0001485054850424029
2025-06-19 19:00:00,energia_laboratorios_kwh,2025-06-13 12:00:00,48,0.1814634561321411,5.699999999999999,0.08562777777777776,0.00150224171539961,0.001387552,0.00011468970643548873
2025-06-19 20:00:00,energia_laboratorios_kwh,2025-06-13 12:00:00,48,0.1814634561321411,4.899999999999999,0.09528333333333332,0.0019445578231292518,0.0017500053,0.00019455253042306025
2025-06-19 21:00:00,energia_laboratorios_kwh,2025-06-13 12:00:00,48,0.1814634561321411,5.199999999999999,0.08546111111111108,0.0016434829059829058,0.001481325,0.00016215788962590117
2025-06-19 22:00:00,energia_laboratorios_kwh,2025-06-13 12:00:00,48,0.1814634561321411,5.5,0.09489444444444445,0.0017253535353535354,0.0015941754,0.00013117818356990214
2025-06-19 23:00:00,energia_laboratorios_kwh,2025-06-13 12:00:00,48,0.1814634561321411,5.800000000000001,0.09966666666666668,0.0017183908045977012,0.0015792428,0.00013914804614480886
2025-06-20 00:00:00,energia_laboratorios_kwh,2025-06-13 12:00:00,48,0.1814634561321411,6.100000000000001,0.09092222222222224,0.001490528233151184,0.0013472413,0.00014328689201478805
2025-06-20 01:00:00,energia_laboratorios_kwh,2025-06-13 12:00:00,48,0.1814634561321411,5.100000000000001,0.0870166666666667,0.0017062091503267976,0.0015554314,0.00015077774896974294
2025-06-20 02:00:00,energia_laboratorios_kwh,2025-06-13 12:00:00,48,0.1814634561321411,6.0,0.09760555555555556,0.0016267592592592592,0.0014821524,0.00014460687921003055
2025-06-20 03:00:00,energia_laboratorios_kwh,2025-06-13 12:00:00,48,0.1814634561321411,5.5,0.09808888888888889,0.0017834343434343434,0.0016395362,0.00014389811074681054
2025-06-20 04:00:00,energia_laboratorios_kwh,2025-06-13 12:00:00,48,0.1814634561321411,5.300000000000001,0.09105000000000002,0.0017179245283018868,0.0015371334,0.00018079117081426792
2025-06-20 05:00:00,energia_laboratorios_kwh,2025-06-13 12:00:00,48,0.1814634561321411,5.199999999999999,0.08385555555555554,0.0016126068376068376,0.0014000317,0.0002125751061428688
2025-06-20 06:00:00,energia_laboratorios_kwh,2025-06-13 12:00:00,48,0.1814634561321411,5.100000000000001,0.09864444444444449,0.0019342047930283228,0.0016436834,0.0002905213809160272
2025-06-20 07:00:00,energia_laboratorios_kwh,2025-06-13 12:00:00,48,0.1814634561321411,5.5,0.08688333333333334,0.0015796969696969699,0.0015237164,5.5980594465227006e-05
2025-06-20 08:00:00,energia_laboratorios_kwh,2025-06-13 12:00:00,48,0.1814634561321411,7.399999999999999,0.13832777777777772,0.0018692942942942939,0.0016480808,0.00022121352623062944
2025-06-20 09:00:00,energia_laboratorios_kwh,2025-06-13 12:00:00,48,0.1814634561321411,6.5,0.13672222222222222,0.0021034188034188034,0.0017473092,0.00035610957315080185
2025-06-20 10:00:00,energia_laboratorios_kwh,2025-06-13 12:00:00,48,0.1814634561321411,6.399999999999999,0.12627777777777777,0.001973090277777778,0.0018065543,0.00016653600966350926
2025-06-20 11:00:00,energia_laboratorios_kwh,2025-06-13 12:00:00,48,0.1814634561321411,6.300000000000001,0.1303277777777778,0.002068694885361552,0.0017044584,0.0003642365052435397
